URL,80
nz.indeed.com,X,
roadrunner.indeed.com,X,
p.cluster.indeed.com,X,
jobspotter.indeed.com,X,
employer.indeed.com,X,
fr.indeed.com,X,
gr.indeed.com,X,
kr.indeed.com,X,
senior.indeed.com,X,
resumecreator.indeed.com,X,
jobinator.indeed.com,X,
goodtimesmodelevaluator.indeed.com,X,
tr.indeed.com,X,
clicktocall.labs.indeed.com,X,
sentrylabs.indeed.com,X,
primejobs.indeed.com,X,
seenjobs.indeed.com,X,
ohiomeansjobs.indeed.com,X,
tezjobs.indeed.com,X,
analytics.indeed.com,X,
analyticsperf-analytics.indeed.com,X,
ads.indeed.com,X,
trends.indeed.com,X,
es.indeed.com,X,
andes.indeed.com,X,
career-pages.indeed.com,X,
messages.indeed.com,X,
matches.indeed.com,X,
resumes.indeed.com,X,
employers-resumes.indeed.com,X,
gigs.indeed.com,X,
bugs.indeed.com,X,
mechabugs.indeed.com,X,
apis.indeed.com,X,
js.indeed.com,X,
rochesterworks.indeed.com,X,
referrals.indeed.com,X,
be.conv.indeed.com,X,
subscriptions.indeed.com,X,
questions.indeed.com,X,
screener-questions.indeed.com,X,
nagios.indeed.com,X,
internships.indeed.com,X,
offers.indeed.com,X,
employers.indeed.com,X,
cpqa-employers.indeed.com,X,
bulkupload-employers.indeed.com,X,
background-employers.indeed.com,X,
cpd-employers.indeed.com,X,
indeedcrowd-employers.indeed.com,X,
pie-employers.indeed.com,X,
incandidate-employers.indeed.com,X,
billing-employers.indeed.com,X,
match-employers.indeed.com,X,
hiresignal-employers.indeed.com,X,
loyal-employers.indeed.com,X,
employal-employers.indeed.com,X,
smb-communication-employers.indeed.com,X,
hero-employers.indeed.com,X,
skap-employers.indeed.com,X,
jpdp-employers.indeed.com,X,
iq-employers.indeed.com,X,
idjq-employers.indeed.com,X,
sponsor-employers.indeed.com,X,
entincjobs-employers.indeed.com,X,
cass-employers.indeed.com,X,
inwidget-employers.indeed.com,X,
jobfairs.indeed.com,X,
press.indeed.com,X,
oss.indeed.com,X,
rss.indeed.com,X,
redirects.indeed.com,X,
events.indeed.com,X,
accounts.indeed.com,X,
campus.indeed.com,X,
usnews.indeed.com,X,
t.indeed.com,X,
at.indeed.com,X,
heartbeat.indeed.com,X,
chat.indeed.com,X,
kumquat.indeed.com,X,
select.indeed.com,X,
connect.indeed.com,X,
prospect.indeed.com,X,
net.indeed.com,X,
pet.indeed.com,X,
passwordreset.indeed.com,X,
spotlight.indeed.com,X,
it.indeed.com,X,
labkit.indeed.com,X,
uglifruit.indeed.com,X,
student.indeed.com,X,
talent.indeed.com,X,
placement.indeed.com,X,
consent.indeed.com,X,
content.indeed.com,X,
reportcontent.indeed.com,X,
de.conv.indeed.com,X,
indeedbot.indeed.com,X,
linebot.indeed.com,X,