Protocol,Port,Domain,Request Status,Screenshot Path, Source Path
http,80,nz.indeed.com,Successful,/home/kali/Documents/NYU_PenTest/Assignment1/02242020_035524/screens/http.nz.indeed.com.png,/home/kali/Documents/NYU_PenTest/Assignment1/02242020_035524/source/http.nz.indeed.com.txt
http,80,roadrunner.indeed.com,Successful,/home/kali/Documents/NYU_PenTest/Assignment1/02242020_035524/screens/http.roadrunner.indeed.com.png,/home/kali/Documents/NYU_PenTest/Assignment1/02242020_035524/source/http.roadrunner.indeed.com.txt
http,80,p.cluster.indeed.com,Successful,/home/kali/Documents/NYU_PenTest/Assignment1/02242020_035524/screens/http.match-employers.indeed.com.png,/home/kali/Documents/NYU_PenTest/Assignment1/02242020_035524/source/http.p.cluster.indeed.com.txt
http,80,jobspotter.indeed.com,Successful,/home/kali/Documents/NYU_PenTest/Assignment1/02242020_035524/screens/http.jobspotter.indeed.com.png,/home/kali/Documents/NYU_PenTest/Assignment1/02242020_035524/source/http.jobspotter.indeed.com.txt
http,80,employer.indeed.com,Successful,/home/kali/Documents/NYU_PenTest/Assignment1/02242020_035524/screens/http.messages.indeed.com.png,/home/kali/Documents/NYU_PenTest/Assignment1/02242020_035524/source/http.employer.indeed.com.txt
http,80,fr.indeed.com,Successful,/home/kali/Documents/NYU_PenTest/Assignment1/02242020_035524/screens/http.fr.indeed.com.png,/home/kali/Documents/NYU_PenTest/Assignment1/02242020_035524/source/http.fr.indeed.com.txt
http,80,gr.indeed.com,Successful,/home/kali/Documents/NYU_PenTest/Assignment1/02242020_035524/screens/http.gr.indeed.com.png,/home/kali/Documents/NYU_PenTest/Assignment1/02242020_035524/source/http.gr.indeed.com.txt
http,80,kr.indeed.com,Successful,/home/kali/Documents/NYU_PenTest/Assignment1/02242020_035524/screens/http.kr.indeed.com.png,/home/kali/Documents/NYU_PenTest/Assignment1/02242020_035524/source/http.kr.indeed.com.txt
http,80,senior.indeed.com,Successful,/home/kali/Documents/NYU_PenTest/Assignment1/02242020_035524/screens/http.senior.indeed.com.png,/home/kali/Documents/NYU_PenTest/Assignment1/02242020_035524/source/http.senior.indeed.com.txt
http,80,resumecreator.indeed.com,Successful,/home/kali/Documents/NYU_PenTest/Assignment1/02242020_035524/screens/http.resumecreator.indeed.com.png,/home/kali/Documents/NYU_PenTest/Assignment1/02242020_035524/source/http.resumecreator.indeed.com.txt
http,80,jobinator.indeed.com,Successful,/home/kali/Documents/NYU_PenTest/Assignment1/02242020_035524/screens/http.match-employers.indeed.com.png,/home/kali/Documents/NYU_PenTest/Assignment1/02242020_035524/source/http.jobinator.indeed.com.txt
http,80,goodtimesmodelevaluator.indeed.com,Successful,/home/kali/Documents/NYU_PenTest/Assignment1/02242020_035524/screens/http.goodtimesmodelevaluator.indeed.com.png,/home/kali/Documents/NYU_PenTest/Assignment1/02242020_035524/source/http.goodtimesmodelevaluator.indeed.com.txt
http,80,tr.indeed.com,Successful,/home/kali/Documents/NYU_PenTest/Assignment1/02242020_035524/screens/http.tr.indeed.com.png,/home/kali/Documents/NYU_PenTest/Assignment1/02242020_035524/source/http.tr.indeed.com.txt
http,80,clicktocall.labs.indeed.com,Successful,/home/kali/Documents/NYU_PenTest/Assignment1/02242020_035524/screens/http.clicktocall.labs.indeed.com.png,/home/kali/Documents/NYU_PenTest/Assignment1/02242020_035524/source/http.clicktocall.labs.indeed.com.txt
http,80,sentrylabs.indeed.com,Successful,/home/kali/Documents/NYU_PenTest/Assignment1/02242020_035524/screens/http.sentrylabs.indeed.com.png,/home/kali/Documents/NYU_PenTest/Assignment1/02242020_035524/source/http.sentrylabs.indeed.com.txt
http,80,primejobs.indeed.com,Successful,/home/kali/Documents/NYU_PenTest/Assignment1/02242020_035524/screens/http.talent.indeed.com.png,/home/kali/Documents/NYU_PenTest/Assignment1/02242020_035524/source/http.primejobs.indeed.com.txt
http,80,seenjobs.indeed.com,Successful,/home/kali/Documents/NYU_PenTest/Assignment1/02242020_035524/screens/http.talent.indeed.com.png,/home/kali/Documents/NYU_PenTest/Assignment1/02242020_035524/source/http.seenjobs.indeed.com.txt
http,80,ohiomeansjobs.indeed.com,Successful,/home/kali/Documents/NYU_PenTest/Assignment1/02242020_035524/screens/http.ohiomeansjobs.indeed.com.png,/home/kali/Documents/NYU_PenTest/Assignment1/02242020_035524/source/http.ohiomeansjobs.indeed.com.txt
http,80,tezjobs.indeed.com,Successful,/home/kali/Documents/NYU_PenTest/Assignment1/02242020_035524/screens/http.tezjobs.indeed.com.png,/home/kali/Documents/NYU_PenTest/Assignment1/02242020_035524/source/http.tezjobs.indeed.com.txt
http,80,analytics.indeed.com,Timeout,/home/kali/Documents/NYU_PenTest/Assignment1/02242020_035524/screens/http.analytics.indeed.com.png,/home/kali/Documents/NYU_PenTest/Assignment1/02242020_035524/source/http.analytics.indeed.com.txt
http,80,analyticsperf-analytics.indeed.com,Successful,/home/kali/Documents/NYU_PenTest/Assignment1/02242020_035524/screens/http.analyticsperf-analytics.indeed.com.png,/home/kali/Documents/NYU_PenTest/Assignment1/02242020_035524/source/http.analyticsperf-analytics.indeed.com.txt
http,80,ads.indeed.com,Successful,/home/kali/Documents/NYU_PenTest/Assignment1/02242020_035524/screens/http.ads.indeed.com.png,/home/kali/Documents/NYU_PenTest/Assignment1/02242020_035524/source/http.ads.indeed.com.txt
http,80,trends.indeed.com,Successful,/home/kali/Documents/NYU_PenTest/Assignment1/02242020_035524/screens/http.match-employers.indeed.com.png,/home/kali/Documents/NYU_PenTest/Assignment1/02242020_035524/source/http.trends.indeed.com.txt
http,80,es.indeed.com,Successful,/home/kali/Documents/NYU_PenTest/Assignment1/02242020_035524/screens/http.es.indeed.com.png,/home/kali/Documents/NYU_PenTest/Assignment1/02242020_035524/source/http.es.indeed.com.txt
http,80,andes.indeed.com,Timeout,/home/kali/Documents/NYU_PenTest/Assignment1/02242020_035524/screens/http.andes.indeed.com.png,/home/kali/Documents/NYU_PenTest/Assignment1/02242020_035524/source/http.andes.indeed.com.txt
http,80,career-pages.indeed.com,Successful,/home/kali/Documents/NYU_PenTest/Assignment1/02242020_035524/screens/http.accounts.indeed.com.png,/home/kali/Documents/NYU_PenTest/Assignment1/02242020_035524/source/http.career-pages.indeed.com.txt
http,80,messages.indeed.com,Successful,/home/kali/Documents/NYU_PenTest/Assignment1/02242020_035524/screens/http.messages.indeed.com.png,/home/kali/Documents/NYU_PenTest/Assignment1/02242020_035524/source/http.messages.indeed.com.txt
http,80,matches.indeed.com,Successful,/home/kali/Documents/NYU_PenTest/Assignment1/02242020_035524/screens/http.match-employers.indeed.com.png,/home/kali/Documents/NYU_PenTest/Assignment1/02242020_035524/source/http.matches.indeed.com.txt
http,80,resumes.indeed.com,Timeout,/home/kali/Documents/NYU_PenTest/Assignment1/02242020_035524/screens/http.resumes.indeed.com.png,/home/kali/Documents/NYU_PenTest/Assignment1/02242020_035524/source/http.resumes.indeed.com.txt
http,80,employers-resumes.indeed.com,Successful,/home/kali/Documents/NYU_PenTest/Assignment1/02242020_035524/screens/http.match-employers.indeed.com.png,/home/kali/Documents/NYU_PenTest/Assignment1/02242020_035524/source/http.employers-resumes.indeed.com.txt
http,80,gigs.indeed.com,Successful,/home/kali/Documents/NYU_PenTest/Assignment1/02242020_035524/screens/http.gigs.indeed.com.png,/home/kali/Documents/NYU_PenTest/Assignment1/02242020_035524/source/http.gigs.indeed.com.txt
http,80,bugs.indeed.com,Successful,/home/kali/Documents/NYU_PenTest/Assignment1/02242020_035524/screens/http.bugs.indeed.com.png,/home/kali/Documents/NYU_PenTest/Assignment1/02242020_035524/source/http.bugs.indeed.com.txt
http,80,mechabugs.indeed.com,Successful,/home/kali/Documents/NYU_PenTest/Assignment1/02242020_035524/screens/http.mechabugs.indeed.com.png,/home/kali/Documents/NYU_PenTest/Assignment1/02242020_035524/source/http.mechabugs.indeed.com.txt
http,80,apis.indeed.com,BadStatus,/home/kali/Documents/NYU_PenTest/Assignment1/02242020_035524/screens/http.apis.indeed.com.png,/home/kali/Documents/NYU_PenTest/Assignment1/02242020_035524/source/http.apis.indeed.com.txt
http,80,js.indeed.com,Timeout,/home/kali/Documents/NYU_PenTest/Assignment1/02242020_035524/screens/http.js.indeed.com.png,/home/kali/Documents/NYU_PenTest/Assignment1/02242020_035524/source/http.js.indeed.com.txt
http,80,rochesterworks.indeed.com,Timeout,/home/kali/Documents/NYU_PenTest/Assignment1/02242020_035524/screens/http.rochesterworks.indeed.com.png,/home/kali/Documents/NYU_PenTest/Assignment1/02242020_035524/source/http.rochesterworks.indeed.com.txt
http,80,referrals.indeed.com,Timeout,/home/kali/Documents/NYU_PenTest/Assignment1/02242020_035524/screens/http.referrals.indeed.com.png,/home/kali/Documents/NYU_PenTest/Assignment1/02242020_035524/source/http.referrals.indeed.com.txt
http,80,be.conv.indeed.com,Successful,/home/kali/Documents/NYU_PenTest/Assignment1/02242020_035524/screens/http.be.conv.indeed.com.png,/home/kali/Documents/NYU_PenTest/Assignment1/02242020_035524/source/http.be.conv.indeed.com.txt
http,80,subscriptions.indeed.com,Timeout,/home/kali/Documents/NYU_PenTest/Assignment1/02242020_035524/screens/http.subscriptions.indeed.com.png,/home/kali/Documents/NYU_PenTest/Assignment1/02242020_035524/source/http.subscriptions.indeed.com.txt
http,80,questions.indeed.com,Successful,/home/kali/Documents/NYU_PenTest/Assignment1/02242020_035524/screens/http.questions.indeed.com.png,/home/kali/Documents/NYU_PenTest/Assignment1/02242020_035524/source/http.questions.indeed.com.txt
http,80,screener-questions.indeed.com,Timeout,/home/kali/Documents/NYU_PenTest/Assignment1/02242020_035524/screens/http.screener-questions.indeed.com.png,/home/kali/Documents/NYU_PenTest/Assignment1/02242020_035524/source/http.screener-questions.indeed.com.txt
http,80,nagios.indeed.com,Timeout,/home/kali/Documents/NYU_PenTest/Assignment1/02242020_035524/screens/http.nagios.indeed.com.png,/home/kali/Documents/NYU_PenTest/Assignment1/02242020_035524/source/http.nagios.indeed.com.txt
http,80,internships.indeed.com,Successful,/home/kali/Documents/NYU_PenTest/Assignment1/02242020_035524/screens/http.internships.indeed.com.png,/home/kali/Documents/NYU_PenTest/Assignment1/02242020_035524/source/http.internships.indeed.com.txt
http,80,offers.indeed.com,Timeout,/home/kali/Documents/NYU_PenTest/Assignment1/02242020_035524/screens/http.offers.indeed.com.png,/home/kali/Documents/NYU_PenTest/Assignment1/02242020_035524/source/http.offers.indeed.com.txt
http,80,employers.indeed.com,Timeout,/home/kali/Documents/NYU_PenTest/Assignment1/02242020_035524/screens/http.employers.indeed.com.png,/home/kali/Documents/NYU_PenTest/Assignment1/02242020_035524/source/http.employers.indeed.com.txt
http,80,cpqa-employers.indeed.com,Successful,/home/kali/Documents/NYU_PenTest/Assignment1/02242020_035524/screens/http.analyticsperf-analytics.indeed.com.png,/home/kali/Documents/NYU_PenTest/Assignment1/02242020_035524/source/http.cpqa-employers.indeed.com.txt
http,80,bulkupload-employers.indeed.com,Timeout,/home/kali/Documents/NYU_PenTest/Assignment1/02242020_035524/screens/http.bulkupload-employers.indeed.com.png,/home/kali/Documents/NYU_PenTest/Assignment1/02242020_035524/source/http.bulkupload-employers.indeed.com.txt
http,80,background-employers.indeed.com,Successful,/home/kali/Documents/NYU_PenTest/Assignment1/02242020_035524/screens/http.match-employers.indeed.com.png,/home/kali/Documents/NYU_PenTest/Assignment1/02242020_035524/source/http.background-employers.indeed.com.txt
http,80,cpd-employers.indeed.com,Successful,/home/kali/Documents/NYU_PenTest/Assignment1/02242020_035524/screens/http.analyticsperf-analytics.indeed.com.png,/home/kali/Documents/NYU_PenTest/Assignment1/02242020_035524/source/http.cpd-employers.indeed.com.txt
http,80,indeedcrowd-employers.indeed.com,Successful,/home/kali/Documents/NYU_PenTest/Assignment1/02242020_035524/screens/http.match-employers.indeed.com.png,/home/kali/Documents/NYU_PenTest/Assignment1/02242020_035524/source/http.indeedcrowd-employers.indeed.com.txt
http,80,pie-employers.indeed.com,Successful,/home/kali/Documents/NYU_PenTest/Assignment1/02242020_035524/screens/http.analyticsperf-analytics.indeed.com.png,/home/kali/Documents/NYU_PenTest/Assignment1/02242020_035524/source/http.pie-employers.indeed.com.txt
http,80,incandidate-employers.indeed.com,Timeout,/home/kali/Documents/NYU_PenTest/Assignment1/02242020_035524/screens/http.incandidate-employers.indeed.com.png,/home/kali/Documents/NYU_PenTest/Assignment1/02242020_035524/source/http.incandidate-employers.indeed.com.txt
http,80,billing-employers.indeed.com,Successful,/home/kali/Documents/NYU_PenTest/Assignment1/02242020_035524/screens/http.analyticsperf-analytics.indeed.com.png,/home/kali/Documents/NYU_PenTest/Assignment1/02242020_035524/source/http.billing-employers.indeed.com.txt
http,80,match-employers.indeed.com,Successful,/home/kali/Documents/NYU_PenTest/Assignment1/02242020_035524/screens/http.match-employers.indeed.com.png,/home/kali/Documents/NYU_PenTest/Assignment1/02242020_035524/source/http.match-employers.indeed.com.txt
http,80,hiresignal-employers.indeed.com,Successful,/home/kali/Documents/NYU_PenTest/Assignment1/02242020_035524/screens/http.analyticsperf-analytics.indeed.com.png,/home/kali/Documents/NYU_PenTest/Assignment1/02242020_035524/source/http.hiresignal-employers.indeed.com.txt
http,80,loyal-employers.indeed.com,Successful,/home/kali/Documents/NYU_PenTest/Assignment1/02242020_035524/screens/http.match-employers.indeed.com.png,/home/kali/Documents/NYU_PenTest/Assignment1/02242020_035524/source/http.loyal-employers.indeed.com.txt
http,80,employal-employers.indeed.com,Successful,/home/kali/Documents/NYU_PenTest/Assignment1/02242020_035524/screens/http.analyticsperf-analytics.indeed.com.png,/home/kali/Documents/NYU_PenTest/Assignment1/02242020_035524/source/http.employal-employers.indeed.com.txt
http,80,smb-communication-employers.indeed.com,Successful,/home/kali/Documents/NYU_PenTest/Assignment1/02242020_035524/screens/http.analyticsperf-analytics.indeed.com.png,/home/kali/Documents/NYU_PenTest/Assignment1/02242020_035524/source/http.smb-communication-employers.indeed.com.txt
http,80,hero-employers.indeed.com,Timeout,/home/kali/Documents/NYU_PenTest/Assignment1/02242020_035524/screens/http.hero-employers.indeed.com.png,/home/kali/Documents/NYU_PenTest/Assignment1/02242020_035524/source/http.hero-employers.indeed.com.txt
http,80,skap-employers.indeed.com,Successful,/home/kali/Documents/NYU_PenTest/Assignment1/02242020_035524/screens/http.skap-employers.indeed.com.png,/home/kali/Documents/NYU_PenTest/Assignment1/02242020_035524/source/http.skap-employers.indeed.com.txt
http,80,iq-employers.indeed.com,Successful,/home/kali/Documents/NYU_PenTest/Assignment1/02242020_035524/screens/http.analyticsperf-analytics.indeed.com.png,/home/kali/Documents/NYU_PenTest/Assignment1/02242020_035524/source/http.iq-employers.indeed.com.txt
http,80,idjq-employers.indeed.com,Successful,/home/kali/Documents/NYU_PenTest/Assignment1/02242020_035524/screens/http.analyticsperf-analytics.indeed.com.png,/home/kali/Documents/NYU_PenTest/Assignment1/02242020_035524/source/http.idjq-employers.indeed.com.txt
http,80,sponsor-employers.indeed.com,Successful,/home/kali/Documents/NYU_PenTest/Assignment1/02242020_035524/screens/http.analyticsperf-analytics.indeed.com.png,/home/kali/Documents/NYU_PenTest/Assignment1/02242020_035524/source/http.sponsor-employers.indeed.com.txt
http,80,entincjobs-employers.indeed.com,Timeout,/home/kali/Documents/NYU_PenTest/Assignment1/02242020_035524/screens/http.entincjobs-employers.indeed.com.png,/home/kali/Documents/NYU_PenTest/Assignment1/02242020_035524/source/http.entincjobs-employers.indeed.com.txt
http,80,cass-employers.indeed.com,Successful,/home/kali/Documents/NYU_PenTest/Assignment1/02242020_035524/screens/http.cass-employers.indeed.com.png,/home/kali/Documents/NYU_PenTest/Assignment1/02242020_035524/source/http.cass-employers.indeed.com.txt
http,80,inwidget-employers.indeed.com,Successful,/home/kali/Documents/NYU_PenTest/Assignment1/02242020_035524/screens/http.analyticsperf-analytics.indeed.com.png,/home/kali/Documents/NYU_PenTest/Assignment1/02242020_035524/source/http.inwidget-employers.indeed.com.txt
http,80,jobfairs.indeed.com,Timeout,/home/kali/Documents/NYU_PenTest/Assignment1/02242020_035524/screens/http.jobfairs.indeed.com.png,/home/kali/Documents/NYU_PenTest/Assignment1/02242020_035524/source/http.jobfairs.indeed.com.txt
http,80,press.indeed.com,Successful,/home/kali/Documents/NYU_PenTest/Assignment1/02242020_035524/screens/http.press.indeed.com.png,/home/kali/Documents/NYU_PenTest/Assignment1/02242020_035524/source/http.press.indeed.com.txt
http,80,oss.indeed.com,Successful,/home/kali/Documents/NYU_PenTest/Assignment1/02242020_035524/screens/http.match-employers.indeed.com.png,/home/kali/Documents/NYU_PenTest/Assignment1/02242020_035524/source/http.oss.indeed.com.txt
http,80,rss.indeed.com,Timeout,/home/kali/Documents/NYU_PenTest/Assignment1/02242020_035524/screens/http.rss.indeed.com.png,/home/kali/Documents/NYU_PenTest/Assignment1/02242020_035524/source/http.rss.indeed.com.txt
http,80,redirects.indeed.com,Successful,/home/kali/Documents/NYU_PenTest/Assignment1/02242020_035524/screens/http.match-employers.indeed.com.png,/home/kali/Documents/NYU_PenTest/Assignment1/02242020_035524/source/http.redirects.indeed.com.txt
http,80,events.indeed.com,Successful,/home/kali/Documents/NYU_PenTest/Assignment1/02242020_035524/screens/http.events.indeed.com.png,/home/kali/Documents/NYU_PenTest/Assignment1/02242020_035524/source/http.events.indeed.com.txt
http,80,accounts.indeed.com,Successful,/home/kali/Documents/NYU_PenTest/Assignment1/02242020_035524/screens/http.accounts.indeed.com.png,/home/kali/Documents/NYU_PenTest/Assignment1/02242020_035524/source/http.accounts.indeed.com.txt
http,80,campus.indeed.com,Timeout,/home/kali/Documents/NYU_PenTest/Assignment1/02242020_035524/screens/http.campus.indeed.com.png,/home/kali/Documents/NYU_PenTest/Assignment1/02242020_035524/source/http.campus.indeed.com.txt
http,80,usnews.indeed.com,Timeout,/home/kali/Documents/NYU_PenTest/Assignment1/02242020_035524/screens/http.usnews.indeed.com.png,/home/kali/Documents/NYU_PenTest/Assignment1/02242020_035524/source/http.usnews.indeed.com.txt
http,80,t.indeed.com,Timeout,/home/kali/Documents/NYU_PenTest/Assignment1/02242020_035524/screens/http.t.indeed.com.png,/home/kali/Documents/NYU_PenTest/Assignment1/02242020_035524/source/http.t.indeed.com.txt
http,80,at.indeed.com,Successful,/home/kali/Documents/NYU_PenTest/Assignment1/02242020_035524/screens/http.at.indeed.com.png,/home/kali/Documents/NYU_PenTest/Assignment1/02242020_035524/source/http.at.indeed.com.txt
http,80,heartbeat.indeed.com,Successful,/home/kali/Documents/NYU_PenTest/Assignment1/02242020_035524/screens/http.match-employers.indeed.com.png,/home/kali/Documents/NYU_PenTest/Assignment1/02242020_035524/source/http.heartbeat.indeed.com.txt
http,80,chat.indeed.com,Timeout,/home/kali/Documents/NYU_PenTest/Assignment1/02242020_035524/screens/http.chat.indeed.com.png,/home/kali/Documents/NYU_PenTest/Assignment1/02242020_035524/source/http.chat.indeed.com.txt
http,80,kumquat.indeed.com,Timeout,/home/kali/Documents/NYU_PenTest/Assignment1/02242020_035524/screens/http.kumquat.indeed.com.png,/home/kali/Documents/NYU_PenTest/Assignment1/02242020_035524/source/http.kumquat.indeed.com.txt
http,80,select.indeed.com,Successful,/home/kali/Documents/NYU_PenTest/Assignment1/02242020_035524/screens/http.select.indeed.com.png,/home/kali/Documents/NYU_PenTest/Assignment1/02242020_035524/source/http.select.indeed.com.txt
http,80,connect.indeed.com,Timeout,/home/kali/Documents/NYU_PenTest/Assignment1/02242020_035524/screens/http.connect.indeed.com.png,/home/kali/Documents/NYU_PenTest/Assignment1/02242020_035524/source/http.connect.indeed.com.txt
http,80,prospect.indeed.com,Successful,/home/kali/Documents/NYU_PenTest/Assignment1/02242020_035524/screens/http.prospect.indeed.com.png,/home/kali/Documents/NYU_PenTest/Assignment1/02242020_035524/source/http.prospect.indeed.com.txt
http,80,net.indeed.com,Timeout,/home/kali/Documents/NYU_PenTest/Assignment1/02242020_035524/screens/http.net.indeed.com.png,/home/kali/Documents/NYU_PenTest/Assignment1/02242020_035524/source/http.net.indeed.com.txt
http,80,pet.indeed.com,Successful,/home/kali/Documents/NYU_PenTest/Assignment1/02242020_035524/screens/http.pet.indeed.com.png,/home/kali/Documents/NYU_PenTest/Assignment1/02242020_035524/source/http.pet.indeed.com.txt
http,80,passwordreset.indeed.com,Timeout,/home/kali/Documents/NYU_PenTest/Assignment1/02242020_035524/screens/http.passwordreset.indeed.com.png,/home/kali/Documents/NYU_PenTest/Assignment1/02242020_035524/source/http.passwordreset.indeed.com.txt
http,80,spotlight.indeed.com,Successful,/home/kali/Documents/NYU_PenTest/Assignment1/02242020_035524/screens/http.spotlight.indeed.com.png,/home/kali/Documents/NYU_PenTest/Assignment1/02242020_035524/source/http.spotlight.indeed.com.txt
http,80,it.indeed.com,Timeout,/home/kali/Documents/NYU_PenTest/Assignment1/02242020_035524/screens/http.it.indeed.com.png,/home/kali/Documents/NYU_PenTest/Assignment1/02242020_035524/source/http.it.indeed.com.txt
http,80,labkit.indeed.com,Successful,/home/kali/Documents/NYU_PenTest/Assignment1/02242020_035524/screens/http.labkit.indeed.com.png,/home/kali/Documents/NYU_PenTest/Assignment1/02242020_035524/source/http.labkit.indeed.com.txt
http,80,uglifruit.indeed.com,Timeout,/home/kali/Documents/NYU_PenTest/Assignment1/02242020_035524/screens/http.uglifruit.indeed.com.png,/home/kali/Documents/NYU_PenTest/Assignment1/02242020_035524/source/http.uglifruit.indeed.com.txt
http,80,student.indeed.com,Successful,/home/kali/Documents/NYU_PenTest/Assignment1/02242020_035524/screens/http.match-employers.indeed.com.png,/home/kali/Documents/NYU_PenTest/Assignment1/02242020_035524/source/http.student.indeed.com.txt
http,80,talent.indeed.com,Successful,/home/kali/Documents/NYU_PenTest/Assignment1/02242020_035524/screens/http.talent.indeed.com.png,/home/kali/Documents/NYU_PenTest/Assignment1/02242020_035524/source/http.talent.indeed.com.txt
http,80,placement.indeed.com,Successful,/home/kali/Documents/NYU_PenTest/Assignment1/02242020_035524/screens/http.placement.indeed.com.png,/home/kali/Documents/NYU_PenTest/Assignment1/02242020_035524/source/http.placement.indeed.com.txt
http,80,consent.indeed.com,Successful,/home/kali/Documents/NYU_PenTest/Assignment1/02242020_035524/screens/http.consent.indeed.com.png,/home/kali/Documents/NYU_PenTest/Assignment1/02242020_035524/source/http.consent.indeed.com.txt
http,80,content.indeed.com,Successful,/home/kali/Documents/NYU_PenTest/Assignment1/02242020_035524/screens/http.content.indeed.com.png,/home/kali/Documents/NYU_PenTest/Assignment1/02242020_035524/source/http.content.indeed.com.txt
http,80,reportcontent.indeed.com,Successful,/home/kali/Documents/NYU_PenTest/Assignment1/02242020_035524/screens/http.reportcontent.indeed.com.png,/home/kali/Documents/NYU_PenTest/Assignment1/02242020_035524/source/http.reportcontent.indeed.com.txt
http,80,de.conv.indeed.com,Successful,/home/kali/Documents/NYU_PenTest/Assignment1/02242020_035524/screens/http.de.conv.indeed.com.png,/home/kali/Documents/NYU_PenTest/Assignment1/02242020_035524/source/http.de.conv.indeed.com.txt
http,80,indeedbot.indeed.com,Timeout,/home/kali/Documents/NYU_PenTest/Assignment1/02242020_035524/screens/http.indeedbot.indeed.com.png,/home/kali/Documents/NYU_PenTest/Assignment1/02242020_035524/source/http.indeedbot.indeed.com.txt
http,80,linebot.indeed.com,Successful,/home/kali/Documents/NYU_PenTest/Assignment1/02242020_035524/screens/http.linebot.indeed.com.png,/home/kali/Documents/NYU_PenTest/Assignment1/02242020_035524/source/http.linebot.indeed.com.txt